url,date,phish_id
https://illuviunm.com/index-3.htm,Mar 20th 2022 9:47 PM,7467678
https://ytarvjhsattlivdxhsvikj.weebly.com/,Mar 20th 2022 8:30 PM,7467673
https://smbc-xige.shop,Mar 20th 2022 8:07 PM,7467672
https://smbc-cons.shop,Mar 20th 2022 8:07 PM,7467671
https://smbc-merg.shop,Mar 20th 2022 8:07 PM,7467670
https://smbc-haza.shop,Mar 20th 2022 8:06 PM,7467669
https://smbc-viat.shop,Mar 20th 2022 8:06 PM,7467668
https://smbc-jter.shop,Mar 20th 2022 8:05 PM,7467667
https://smbc-rewq.shop,Mar 20th 2022 8:05 PM,7467665
https://smbc-smcg.shop,Mar 20th 2022 8:05 PM,7467664
https://opentoken.claims/#buy,Mar 20th 2022 7:52 PM,7467662
https://www.zpswliz.cn,Mar 20th 2022 6:32 PM,7467647
https://oferta-231.order777.me/?stage_1,Mar 20th 2022 6:31 PM,7467646
https://www.xlt8090.com.cn,Mar 20th 2022 6:28 PM,7467645
https://www.tianyubj.com.cn,Mar 20th 2022 6:28 PM,7467644
https://burier.shop,Mar 20th 2022 6:18 PM,7467643
https://smbc-zefm.shop,Mar 20th 2022 6:17 PM,7467642
https://axieinfinity.live/marketplace.php,Mar 20th 2022 6:13 PM,7467640
https://foxsoftbd.com/wp-admin/now/deactivation/source/[email protected],Mar 20th 2022 6:01 PM,7467639
https://rebrand.ly/w1fn66o,Mar 20th 2022 5:59 PM,7467638
https://154.213.21.36,Mar 21st 2022 6:28 AM,7467833
http://www.paypaymy.cc/html/login/,Mar 21st 2022 6:28 AM,7467832
http://www.paypaymy.cc/,Mar 21st 2022 6:28 AM,7467831
https://trytoshop.com/wp-admin/images/swiss/swiss/Swiss/,Mar 21st 2022 5:37 AM,7467814
https://squeakycleanservices.net/Correos-envio/Seleccione_medio_de_codigo_loading2.php,Mar 21st 2022 5:37 AM,7467813
https://magic-eden.shop/,Mar 21st 2022 5:27 AM,7467809
http://metamasks.cloud,Mar 21st 2022 5:10 AM,7467805
http://sollanart.live,Mar 21st 2022 5:04 AM,7467804
https://bellsouth-verifyed.yolasite.com/,Mar 21st 2022 5:01 AM,7467803
http://lookesrare.com,Mar 21st 2022 4:57 AM,7467802
https://roninchain.ronin-wallets.company/verify,Mar 21st 2022 4:28 AM,7467793
https://metaverif.info/boss/new/dorof_dashboard_romntin/1596/login/enjine/bec8986/#,Mar 21st 2022 2:47 AM,7467781
https://magieden.shop/,Mar 21st 2022 2:31 AM,7467780
http://scrsftyappmobile.co.vu/Safety_Information.php,Mar 21st 2022 2:30 AM,7467778
https://shiny-sound-a24a.rcvrysrvce.workers.dev/,Mar 21st 2022 2:30 AM,7467777
http://zrwsx.rf.gd/remnzs.html,Mar 21st 2022 2:29 AM,7467776
https://www.mescerei.com/,Mar 21st 2022 2:04 AM,7467771
https://xcbvglsiadufwogfgbvnerltuo.cyou/,Mar 21st 2022 1:24 AM,7467765
http://metamask-app.live,Mar 21st 2022 1:17 AM,7467760
https://nab-secureid6789.2ix.at/,Mar 21st 2022 1:04 AM,7467753
http://semogajpaja.co.vu/Safety_Information.html,Mar 21st 2022 12:54 AM,7467746
https://namelessajaa.topijerami.workers.dev/,Mar 21st 2022 12:54 AM,7467745
http://appreter.rf.gd/azs.html,Mar 21st 2022 12:53 AM,7467744
https://amzaon.co.jp.0s3aq18o.cn/,Mar 21st 2022 12:38 AM,7467738
http://seerrrrrgeeeeeeeeeerrrr.co.vu/starconfirm.php,Mar 21st 2022 12:02 AM,7467728
https://u.to/KpMRHA?Pages-Discrimination-Policy,Mar 21st 2022 12:02 AM,7467727
http://suportpageakunidetityinformation.co.vu/confirmid.php,Mar 21st 2022 12:00 AM,7467724
http://mridentyservicesrecomfirmpage.co.vu/confirmid.php,Mar 20th 2022 11:59 PM,7467721
http://firmeidz.co.vu/help_login.html,Mar 20th 2022 11:59 PM,7467719
https://u.to/4c4PHA?confirmed-media,Mar 20th 2022 11:58 PM,7467718
http://mridentyservicesrecomfirmpage.co.vu/starconfirm.php,Mar 20th 2022 11:55 PM,7467714
https://u.to/Y4kRHA?actifity-identy,Mar 20th 2022 11:55 PM,7467713
http://www.cajaarequipa.com/,Mar 20th 2022 11:28 PM,7467707
https://fundacionces.edu.co/old.html,Mar 20th 2022 10:41 PM,7467700
https://is.gd/Lz7wm7?konfirmo,Mar 20th 2022 10:41 PM,7467698
https://is.gd/2q4uUf?konfirmo,Mar 20th 2022 10:38 PM,7467690
https://is.gd/lyMsMw?konfirmo,Mar 20th 2022 10:38 PM,7467688
https://is.gd/EjmOz9?konfirmo,Mar 20th 2022 10:37 PM,7467686
https://blog.spflys.com/it/docs/docs/fm7,Mar 21st 2022 11:29 AM,7468109
https://blog.spflys.com/it/docs/docs/fm7/,Mar 21st 2022 11:29 AM,7468107
https://brilliantjewelryshopapp.web.app/,Mar 21st 2022 11:28 AM,7468106
https://solidjewelryshopsallover.web.app/,Mar 21st 2022 11:26 AM,7468104
https://dripcommunity.tech/,Mar 21st 2022 11:22 AM,7468102
https://aeon.jp.co.gtcp8.com/,Mar 21st 2022 11:06 AM,7468084
https://opentoken.live/#buy,Mar 21st 2022 11:06 AM,7468083
https://aeon.co.jp.gtcp8.com/,Mar 21st 2022 11:06 AM,7468081
https://www.visa.co.jp.gvfsdgfgf.xyz/,Mar 21st 2022 11:03 AM,7468080
https://polska-inpost.894545.xyz,Mar 21st 2022 11:01 AM,7468077
https://bellsouth-verificationns-site.yolasite.com/,Mar 21st 2022 11:01 AM,7468076
https://hg5566dh.com/,Mar 21st 2022 10:59 AM,7468074
https://a97.409.myftpupload.com/ch/c.php,Mar 21st 2022 10:59 AM,7468073
https://3logz.ch/,Mar 21st 2022 10:59 AM,7468072
https://dpd-group-paiement-en-ligne-ss-int.weebly.com/enregistrement-dpd-group.html,Mar 21st 2022 10:59 AM,7468071
https://protonserver1.weebly.com/,Mar 21st 2022 10:58 AM,7468070
https://www.aeon.co.jp.04doc.com/,Mar 21st 2022 10:57 AM,7468067
https://aeon.co.jp.04doc.com/,Mar 21st 2022 10:56 AM,7468066
https://www.mobiliesnica.com.cfwaq.com/index.html,Mar 21st 2022 10:50 AM,7468063
https://www.mobiliesnica.com.cfwaq.com/,Mar 21st 2022 10:50 AM,7468062
https://www.mobiliesnica.com.yxpxx.com/index.html,Mar 21st 2022 10:49 AM,7468061
https://www.mobiliesnica.com.yxpxx.com/,Mar 21st 2022 10:49 AM,7468060
https://34839783344hg5566.com/,Mar 21st 2022 10:49 AM,7468059
https://34738543833hg5566.com/,Mar 21st 2022 10:49 AM,7468058
https://www.jaccs.co.jp-service-tranid-jalg0000100m.73doc.com/,Mar 21st 2022 10:45 AM,7468056
http://www-bancoripley-cl.mykautotrader.com/,Mar 21st 2022 10:44 AM,7468055
https://auonepay-jp.fjuygi.shop/,Mar 21st 2022 10:44 AM,7468054
https://auonepay-jp.bdmnd.shop/,Mar 21st 2022 10:43 AM,7468053
https://auonepay-jp.esgrd.shop/,Mar 21st 2022 10:42 AM,7468052
https://storage.googleapis.com/swp/swpl.html,Mar 21st 2022 10:39 AM,7468051
https://cancel698660-binance-com.firebaseapp.com/,Mar 21st 2022 10:39 AM,7468050
https://cancel698660-binance-com.web.app/,Mar 21st 2022 10:39 AM,7468049
https://app-domain-server.firebaseapp.com/,Mar 21st 2022 10:38 AM,7468047
https://app-domain-server.web.app/,Mar 21st 2022 10:38 AM,7468046
https://cancel698302-binance-com.firebaseapp.com/,Mar 21st 2022 10:37 AM,7468045
https://cancel698302-binance-com.web.app/,Mar 21st 2022 10:37 AM,7468044
https://cancel697479-binance-com.firebaseapp.com/,Mar 21st 2022 10:36 AM,7468043
https://cancel697479-binance-com.web.app/,Mar 21st 2022 10:36 AM,7468042
https://new-owa-voicemail-1.firebaseapp.com/,Mar 21st 2022 10:35 AM,7468041
https://new-owa-voicemail-1.web.app/,Mar 21st 2022 10:35 AM,7468040
https://cbd524bd.sibforms.com/serve/MUIEAG6WIvwpBzYTZiTjmiJrRnjkrTb7fuMaYf_3RixOTFiDCUVzKbhsmQ8JD5S8z0cna862ugxriRZjyF1xKlrXmcM_CFH3FcQ84mcV-iaAABb9ATJr7aFGa4M7AwU-5VgJjvta6iF5Qd6RvB-QOaCHeNwxAQXvmf_-isbYUVEFZoWOL325tkWdTl9W5Hgle1WFfwZSmu3mGhvw,Mar 21st 2022 5:48 PM,7468407
https://noderesolvealldefi.xyz/,Mar 21st 2022 5:48 PM,7468406
https://1incsh.enneagram.win/app/index.html,Mar 21st 2022 5:43 PM,7468403
https://blockchaintechfield.com/,Mar 21st 2022 5:35 PM,7468402
https://attglobalupgrade.weebly.com/,Mar 21st 2022 5:30 PM,7468400
http://ioconnect.net,Mar 21st 2022 5:29 PM,7468399
https://aniversario-nu.ru/sucesso.php,Mar 21st 2022 5:20 PM,7468395
https://aniversarionu.ru/sucesso.php,Mar 21st 2022 5:19 PM,7468393
https://reprotocol-center.com/sync/,Mar 21st 2022 5:05 PM,7468384
http://reprotocol-center.com/sync/,Mar 21st 2022 5:05 PM,7468383
https://sites.google.com/view/orange-forfaits-et-mobiles/accueil,Mar 21st 2022 5:04 PM,7468381
https://sparkasse-proton.de/proton/de/11771.htm,Mar 21st 2022 4:30 PM,7468371
https://sparkasse-proton.de/proton/,Mar 21st 2022 4:30 PM,7468370
https://islamibankacilik.com/Login,Mar 21st 2022 4:30 PM,7468369
https://info-dkb.now-dns.net/dkb/login-dkb/,Mar 21st 2022 4:30 PM,7468368
https://getyourpaymentirs.com/form/data,Mar 21st 2022 4:27 PM,7468367
https://adminpostva.top/netbankar.hu/,Mar 21st 2022 4:27 PM,7468366
https://adminpostva.top/netbankar.hu,Mar 21st 2022 4:27 PM,7468365
https://rakuten-card.co.jp.qdgdp.com/client/index.html,Mar 21st 2022 4:27 PM,7468364
https://mistly.co.uk/wp-admin/api.html,Mar 21st 2022 4:25 PM,7468363
http://bit.do/irsgettpym,Mar 21st 2022 4:25 PM,7468362
https://form.jotform.com/220782206438556,Mar 21st 2022 4:23 PM,7468361
http://trakingczech-posta.cz.swtest.ru/CZ/,Mar 21st 2022 4:11 PM,7468356
https://att-1x8.pages.dev/ATT#login,Mar 21st 2022 4:05 PM,7468354
http://carroeproduts5prem7.3utilities.com/~/home.php,Mar 21st 2022 3:51 PM,7468351
https://tutor.iqsademo.com/iweb/Orange/,Mar 21st 2022 3:50 PM,7468349
http://tutor.iqsademo.com/iweb/Orange/,Mar 21st 2022 3:50 PM,7468347
http://maimailett.temp.swtest.ru/Orange20/authentification/colis=748/,Mar 21st 2022 3:50 PM,7468343
https://sunnylandingpages.com/usroutput/themeset1_2022-02-24-09-25-59/,Mar 21st 2022 3:49 PM,7468342
http://maimailett.temp.swtest.ru/Orange20/authentification/colis=717/,Mar 21st 2022 3:49 PM,7468338
https://sunnylandingpages.com/usroutput/themeset1_2022-03-19-12-39-07/,Mar 21st 2022 3:49 PM,7468337
http://maimailett.temp.swtest.ru/Orange20/authentification/colis=357/,Mar 21st 2022 3:49 PM,7468333
https://sites.google.com/view/estomcasting/accueil?authuser=1,Mar 21st 2022 3:48 PM,7468332
http://prietoanueljajo.atwebpages.com/stp2.php,Mar 21st 2022 3:47 PM,7468331
http://app-verify.serveftp.com/,Mar 21st 2022 3:44 PM,7468325
https://5e-cnshunshen.com,Mar 21st 2022 3:42 PM,7468324
http://sfxsdf.hyperphp.com/,Mar 21st 2022 3:41 PM,7468320
https://latintradefx.com/oweb/Orange/,Mar 21st 2022 3:41 PM,7468318
https://app-n26.servehttp.com/,Mar 21st 2022 3:40 PM,7468317
https://sitebuilder159935.dynadot.com/,Mar 21st 2022 3:40 PM,7468316
http://zasmpnf.t.justns.ru/,Mar 21st 2022 3:40 PM,7468315
http://maimailett.temp.swtest.ru/Orange20/authentification/colis=986/,Mar 21st 2022 3:40 PM,7468313
https://go.ly/nc0rv,Mar 21st 2022 3:40 PM,7468311
https://sitebuilder159370.dynadot.com/,Mar 21st 2022 3:39 PM,7468309
http://www.bancaporinternetempresarial.banbif.live/,Mar 21st 2022 3:36 PM,7468303
https://metakyc-extension.xyz/mywallet/secure.php,Mar 21st 2022 3:35 PM,7468302
https://www.cloudfaxindoc.com/,Mar 21st 2022 3:29 PM,7468299
http://a0648403.xsph.ru/,Mar 21st 2022 3:28 PM,7468298
https://www.wpsquid.com/dier/index/[email protected]&key=005e6d9bf823d705ce22c0e8116a6dbf,Mar 21st 2022 3:24 PM,7468297
http://pancakeswap-connect.xn--bitfiex-okb.com,Mar 21st 2022 3:21 PM,7468296
https://claimgiftsol.net/,Mar 21st 2022 3:16 PM,7468294
http://adminpostva.top/netbankar.hu,Mar 21st 2022 3:15 PM,7468292
https://portalbradesco-acesso.com/,Mar 21st 2022 3:15 PM,7468291
https://alpus.ebayjo.com,Mar 21st 2022 3:14 PM,7468290
http://eventtfreefire-new2022.duckdns.org/,Mar 21st 2022 3:08 PM,7468288
https://swiss-post.kundencenter-info.com/TB86ztTM,Mar 21st 2022 3:00 PM,7468267
https://kurzbeschreibung-html-wwhttppsssswwwwwwwwwwwwwwwww.kundencenter-info.com,Mar 21st 2022 3:00 PM,7468266
https://swiss-post.kundencenter-info.com/TB86ztTM/Seleccione_medio_de_pago.php,Mar 21st 2022 3:00 PM,7468265
https://sella-banca.co/,Mar 21st 2022 2:53 PM,7468262
https://www.att.anytech.lk/,Mar 21st 2022 2:32 PM,7468261
https://bellsouth-upggs-site.yolasite.com/,Mar 21st 2022 2:31 PM,7468260
https://storageapi.fleek.co/e14aae2f-11f6-4c36-be86-7e0d2190e489-bucket/auth/[email protected],Mar 21st 2022 2:31 PM,7468259
https://einloggen-hier.xyz/s/anmeldung.php,Mar 21st 2022 2:30 PM,7468258
https://agence-wordpress-bordeaux.com:443/wp-includes/certificates/main/web/,Mar 21st 2022 2:30 PM,7468257
https://agence-wordpress-bordeaux.com/wp-includes/certificates/main/web,Mar 21st 2022 2:30 PM,7468256
https://sparkasse.allgemeine-geschaeftsbedinungen.sbs/,Mar 21st 2022 2:30 PM,7468255
https://sparkasse.allgemeine-geschaeftsbedinungen.sbs/de/agb.php,Mar 21st 2022 2:30 PM,7468254
https://asyatr.com/readme.php,Mar 21st 2022 2:30 PM,7468253
https://wsync.co/azuki,Mar 21st 2022 2:27 PM,7468252
https://defi-aavev3.fun/#/,Mar 21st 2022 2:22 PM,7468251
http://www.bancaporlnternetlnterbarnk.ww3lfg5g.xyz/,Mar 21st 2022 2:21 PM,7468250
https://hublink.com.au/wp-azure.php,Mar 21st 2022 2:20 PM,7468249
https://m.nomurab.com/,Mar 21st 2022 2:19 PM,7468248
https://ameli-demande.fr/,Mar 21st 2022 2:19 PM,7468247
http://ameli-demande.fr/,Mar 21st 2022 2:19 PM,7468246
https://poylgon-technology.com/,Mar 21st 2022 2:18 PM,7468245
https://site-72968-in56-mp62.mystrikingly.com/,Mar 21st 2022 2:08 PM,7468232
https://m3ql.trk.elasticemail.com/tracking/click?d=VTExe2BuTTYxwt1H--4XdN1-9060Mel886KUOQFt_GT5THPBq2rCHT8BpEN0_QawglyhSmBlpU0VDOO_pqmwmSrZI2b3AmNmq1fc5rNf3hABEcuyt0HV2ecO7hYfd_GtXwWIbQVwGbPL1lfIPiQ3PWI1,Mar 21st 2022 2:08 PM,7468231
https://mail.orderpizzaonmain.com/wp-admin/Personas/Popularenlinea/,Mar 21st 2022 2:07 PM,7468230
https://atatatatatattatatataa1.weebly.com/,Mar 21st 2022 2:01 PM,7468229
https://bellsouthsecreaccountpro.weebly.com/,Mar 21st 2022 2:01 PM,7468228
http://bancaporinternetempresas.banbinfs-pe.com/,Mar 21st 2022 2:00 PM,7468227
https://bancaporlnternetlnterbarnk.tjjmhhub.xyz/,Mar 21st 2022 1:56 PM,7468218
http://www.csigikes.hu/move/edu/,Mar 21st 2022 1:54 PM,7468217
http://szyszko-budownictwo.pl/sladjy/a/start/ae/login.php?652109458356bvhgfpmlsfsads848nghuty,Mar 21st 2022 1:54 PM,7468216
https://exclusivofalabellape.com/Techbank/sso/docs/inicio.php,Mar 21st 2022 1:47 PM,7468215
https://polygonprotocols.net/login,Mar 21st 2022 1:46 PM,7468214
https://securebusinesswebt.weebly.com/,Mar 21st 2022 1:33 PM,7468203
https://bt-gertetyywyw12.weeblysite.com/,Mar 21st 2022 1:32 PM,7468202
http://bt-gertetyywyw12.weeblysite.com/,Mar 21st 2022 1:32 PM,7468201
https://ea10.com.mx/img/santaretail/,Mar 21st 2022 1:21 PM,7468199
https://naturallooksalon.in//ses/rom.html,Mar 21st 2022 1:21 PM,7468198
https://bellsouth-verification8.yolasite.com/,Mar 21st 2022 1:11 PM,7468193
http://updatingmymailcomdhdh.weebly.com/,Mar 21st 2022 1:11 PM,7468191
http://mailweb-b032c.web.app/,Mar 21st 2022 1:11 PM,7468190
https://att.anytech.lk/,Mar 21st 2022 1:09 PM,7468189
https://allegro-powiadomienia.usr84761.com/78569/,Mar 21st 2022 1:09 PM,7468188
http://www-banc0falabella-cl.mykautotrader.com/login,Mar 21st 2022 1:07 PM,7468187
https://s.id/11fyL,Mar 21st 2022 1:06 PM,7468186
http://pacrel-swiss-post.com.oh-campings.fr/sws/?148160210-1423608715618529281,Mar 21st 2022 12:53 PM,7468179
