id,date_discovered,url
7469349,Mar 22nd 2022 8:05 PM,https://bliopack.com/
7469348,Mar 22nd 2022 8:04 PM,https://www.hotelesyviajesmexico.com/galeria
7469347,Mar 22nd 2022 8:04 PM,https://accueilmabanquecreditagricoles.web.app/
7469345,Mar 22nd 2022 8:03 PM,http://www.6solutions.com/
7469344,Mar 22nd 2022 8:03 PM,https://tuesdadobepro.web.app/
7469343,Mar 22nd 2022 7:56 PM,https://cordes.com.mx/
7469342,Mar 22nd 2022 7:54 PM,https://makavemailincoming271.firebaseapp.com/
7469318,Mar 22nd 2022 7:51 PM,https://ritwayne.web.app/
7469317,Mar 22nd 2022 7:50 PM,https://fivu-8bb55.firebaseapp.com/
7469315,Mar 22nd 2022 7:49 PM,https://admiring-rhodes.212-115-109-49.plesk.page/agricole225/
7469314,Mar 22nd 2022 7:49 PM,https://credt-agcole-fr-v.web.app/
7469313,Mar 22nd 2022 7:48 PM,https://csgoocase.monster
7469311,Mar 22nd 2022 7:47 PM,https://sh4red-c77dc.web.app/
7469310,Mar 22nd 2022 7:46 PM,https://cancel697372-binance-com.web.app/
7469350,Mar 22nd 2022 8:15 PM,https://departamentodedeclaracionesmunicipalescr.webnode.cr/
7469361,Mar 22nd 2022 8:32 PM,https://solicituddecertificadodefirmamunicipal.webnode.cr/precios/
7469360,Mar 22nd 2022 8:32 PM,https://separate-far-trowel.glitch.me/
7469356,Mar 22nd 2022 8:30 PM,https://spk-update-terminal.com/sicher-einloggen
7469355,Mar 22nd 2022 8:29 PM,https://lovellscorporate.biz
7469366,Mar 22nd 2022 9:07 PM,https://docs.google.com/forms/d/e/1FAIpQLSfdy4lqz9CxXC2z-9QLdM8aSXOiKRw5W_jb9d0IcIiyy_BpBQ/viewform?usp=pp_url
7469365,Mar 22nd 2022 9:04 PM,http://www.bancaporinternetempresas.banbifenlinea.site/
7469364,Mar 22nd 2022 9:04 PM,https://bncaporinternet.lmterbank.extracahs.com/
7469367,Mar 22nd 2022 9:14 PM,https://alertstruliantfcu.com
7469369,Mar 22nd 2022 9:26 PM,https://assurance-ameli.info/
7469373,Mar 22nd 2022 9:37 PM,http://registro-deactividadenlinea.atwebpages.com/
7469374,Mar 22nd 2022 9:43 PM,https://polygon.pkvital.com/
7469380,Mar 22nd 2022 9:53 PM,https://protectionplusmore.com
7469379,Mar 22nd 2022 9:53 PM,https://fashionpluss.com
7469378,Mar 22nd 2022 9:53 PM,https://thehomedecors.club
7469386,Mar 22nd 2022 10:21 PM,http://fiverrreviews.org
7469385,Mar 22nd 2022 10:12 PM,https://bracesfacesdentalcentre.co.uk/filereview/
7469384,Mar 22nd 2022 10:12 PM,https://tinyurl.com/yc83e7zc
